system:index,NDVI,Date
0_20181215T143749_20181215T144702_T19HBA,0.8547633074153665,2018-12-15
0_20181225T143749_20181225T144653_T19HBA,0.8481004732524269,2018-12-25
0_20181230T143751_20181230T144650_T19HBA,0.851964138282944,2018-12-30
0_20190104T143749_20190104T144651_T19HBA,0.8383019338145274,2019-01-04
0_20190119T143751_20190119T144606_T19HBA,0.7935043338893628,2019-01-19
0_20190129T143751_20190129T144524_T19HBA,0.8040562114303087,2019-01-29
0_20190203T143749_20190203T144957_T19HBA,0.7766393894148083,2019-02-03
0_20190218T143751_20190218T144454_T19HBA,0.7446083413113012,2019-02-18
0_20190310T143751_20190310T144453_T19HBA,0.7340684463935406,2019-03-10
0_20190315T143749_20190315T144907_T19HBA,0.7758841215651479,2019-03-15
0_20190320T143751_20190320T144726_T19HBA,0.759120003064217,2019-03-20
0_20190325T143749_20190325T144125_T19HBA,0.7513050958527151,2019-03-25
0_20190921T143749_20190921T145027_T19HBA,0.42208296243263216,2019-09-21
0_20191021T143749_20191021T144706_T19HBA,0.7537082960157543,2019-10-21
0_20191105T143731_20191105T144501_T19HBA,0.8021469510194282,2019-11-05
0_20191110T143729_20191110T144457_T19HBA,0.8091029981189342,2019-11-10
0_20191120T143729_20191120T144459_T19HBA,0.8362250907757491,2019-11-20
0_20191130T143719_20191130T144540_T19HBA,0.7944515810313446,2019-11-30
0_20191205T143721_20191205T144632_T19HBA,0.7846895242180676,2019-12-05
0_20191220T143719_20191220T144615_T19HBA,0.8462630404237278,2019-12-20
0_20191225T143721_20191225T144651_T19HBA,0.8549802618067157,2019-12-25
0_20191230T143719_20191230T144612_T19HBA,0.8335514414158173,2019-12-30
0_20200104T143721_20200104T144629_T19HBA,0.8364164778583194,2020-01-04
0_20200109T143719_20200109T144550_T19HBA,0.8578132099599693,2020-01-09
0_20200114T143701_20200114T144621_T19HBA,0.8588677679611778,2020-01-14
0_20200124T143651_20200124T144544_T19HBA,0.7563803226930023,2020-01-24
0_20200129T143659_20200129T144449_T19HBA,0.7769187914338063,2020-01-29
0_20200203T143651_20200203T144453_T19HBA,0.7710089247951862,2020-02-03
0_20200208T143659_20200208T144451_T19HBA,0.7318273682224046,2020-02-08
0_20200213T143721_20200213T144451_T19HBA,0.7544196449625984,2020-02-13
0_20200218T143659_20200218T144453_T19HBA,0.7612135025770699,2020-02-18
0_20200223T143721_20200223T144452_T19HBA,0.7397568244585174,2020-02-23
0_20200228T143729_20200228T144346_T19HBA,0.5119609719500878,2020-02-28
0_20200304T143721_20200304T144453_T19HBA,0.7126124621216646,2020-03-04
0_20200309T143729_20200309T144430_T19HBA,0.7203661523364131,2020-03-09
0_20200319T143729_20200319T145226_T19HBA,0.744576891105284,2020-03-19
0_20200408T143729_20200408T145124_T19HBA,0.7172846048583262,2020-04-08
0_20200413T143731_20200413T145116_T19HBA,0.715298727652042,2020-04-13
0_20200811T143731_20200811T145224_T19HBA,0.4682382505589488,2020-08-11
0_20200821T143731_20200821T144847_T19HBA,0.43812582107568726,2020-08-21
0_20200831T143731_20200831T144825_T19HBA,0.44470246741870184,2020-08-31
0_20200920T143731_20200920T145205_T19HBA,0.4386343454217033,2020-09-20
0_20201005T143729_20201005T144602_T19HBA,0.5207839099056899,2020-10-05
0_20201010T143731_20201010T144131_T19HBA,0.5357948624316264,2020-10-10
0_20201015T143729_20201015T144515_T19HBA,0.6187705657947294,2020-10-15
0_20201020T143731_20201020T144304_T19HBA,0.7176811597223105,2020-10-20
0_20201030T143731_20201030T144423_T19HBA,0.8099677614326928,2020-10-30
0_20201109T143731_20201109T144520_T19HBA,0.8131457758121847,2020-11-09
0_20201124T143729_20201124T144632_T19HBA,0.8453529643950718,2020-11-24
0_20201129T143731_20201129T144635_T19HBA,0.8488780092732052,2020-11-29
0_20201204T143729_20201204T144651_T19HBA,0.8488196344186543,2020-12-04
0_20201209T143721_20201209T144639_T19HBA,0.8607577052616666,2020-12-09
0_20201224T143729_20201224T144624_T19HBA,0.8295684024637077,2020-12-24
0_20201229T143731_20201229T144704_T19HBA,0.8198308529162773,2020-12-29
0_20210103T143729_20210103T144608_T19HBA,0.8071669208725548,2021-01-03
0_20210113T143729_20210113T144551_T19HBA,0.8353843007247159,2021-01-13
0_20210118T143731_20210118T144622_T19HBA,0.8403063091572002,2021-01-18
0_20210202T143729_20210202T144435_T19HBA,0.8830411063611051,2021-02-02
0_20210222T143729_20210222T144232_T19HBA,0.8464455520298321,2021-02-22
0_20210227T143731_20210227T144205_T19HBA,0.8381406627420775,2021-02-27
0_20210304T143729_20210304T144120_T19HBA,0.8217794626142103,2021-03-04
0_20210309T143731_20210309T144030_T19HBA,0.7907017303780637,2021-03-09
0_20210717T143731_20210717T145239_T19HBA,0.5046089217881674,2021-07-17
0_20210915T143731_20210915T144832_T19HBA,0.4437938305143001,2021-09-15
0_20211015T143731_20211015T144152_T19HBA,0.6653500819714878,2021-10-15
0_20211025T143731_20211025T144354_T19HBA,0.7604492738220765,2021-10-25
0_20211104T143731_20211104T144458_T19HBA,0.8129057906010645,2021-11-04
0_20211129T143719_20211129T144547_T19HBA,0.8140062557626832,2021-11-29
0_20211204T143731_20211204T144642_T19HBA,0.7769223633132545,2021-12-04
0_20211209T143719_20211209T144604_T19HBA,0.7744729707250424,2021-12-09
0_20211214T143731_20211214T144703_T19HBA,0.7996527313285874,2021-12-14
0_20211219T143719_20211219T144622_T19HBA,0.8189378995624204,2021-12-19
0_20211224T143731_20211224T144705_T19HBA,0.8213208102033117,2021-12-24
0_20220103T143731_20220103T144644_T19HBA,0.8407095254916932,2022-01-03
0_20220113T143731_20220113T144640_T19HBA,0.8546043803972113,2022-01-13
0_20220123T143731_20220123T145149_T19HBA,0.8292382818630015,2022-01-23
0_20220202T143731_20220202T144947_T19HBA,0.8037698554862509,2022-02-02
0_20220207T143719_20220207T144217_T19HBA,0.8231713876824104,2022-02-07
0_20220212T143731_20220212T144710_T19HBA,0.7723661305441601,2022-02-12
0_20220212T143731_20220212T145242_T19HBA,0.7665962690706369,2022-02-12
0_20220217T143719_20220217T144918_T19HBA,0.7845994314338106,2022-02-17
0_20220227T143729_20220227T144150_T19HBA,0.8334422772572788,2022-02-27
0_20220304T143731_20220304T145236_T19HBA,0.8013830647999539,2022-03-04
0_20220314T143731_20220314T145009_T19HBA,0.7971615088217024,2022-03-14
0_20220324T143731_20220324T144728_T19HBA,0.8441349070827113,2022-03-24
0_20220329T143729_20220329T144338_T19HBA,0.8283728165522782,2022-03-29
0_20220403T143731_20220403T144101_T19HBA,0.8263801503625492,2022-04-03
0_20220413T143731_20220413T144923_T19HBA,0.8033652722648045,2022-04-13
0_20220702T143741_20220702T144547_T19HBA,0.575319361258658,2022-07-02
0_20220910T143741_20220910T144450_T19HBA,0.07444232220769385,2022-09-10
0_20221010T143731_20221010T144648_T19HBA,0.5746531012426883,2022-10-10
0_20221015T143729_20221015T144352_T19HBA,0.647030453529886,2022-10-15
0_20221204T143729_20221204T144506_T19HBA,0.7963914598260786,2022-12-04
0_20221214T143729_20221214T144527_T19HBA,0.7543301943544392,2022-12-14
0_20221219T143731_20221219T144224_T19HBA,0.7620497796475353,2022-12-19
0_20221224T143729_20221224T144526_T19HBA,0.7700653072079745,2022-12-24
0_20221229T143731_20221229T144221_T19HBA,0.7758109713173952,2022-12-29
0_20230103T143729_20230103T144503_T19HBA,0.7867257352990735,2023-01-03
0_20230108T143731_20230108T144127_T19HBA,0.7778441576158752,2023-01-08
0_20230113T143719_20230113T144449_T19HBA,0.8002768603713377,2023-01-13
0_20230118T143721_20230118T144030_T19HBA,0.8043044850210608,2023-01-18
0_20230123T143729_20230123T144415_T19HBA,0.8060765848430821,2023-01-23
0_20230128T143721_20230128T145103_T19HBA,0.807225712943166,2023-01-28
0_20230202T143729_20230202T144125_T19HBA,0.7991953540723006,2023-02-02
0_20230207T143731_20230207T144823_T19HBA,0.4040686396158682,2023-02-07
0_20230212T143729_20230212T144116_T19HBA,0.7670343322680357,2023-02-12
0_20230217T143721_20230217T145142_T19HBA,0.8022090275281522,2023-02-17
0_20230222T143729_20230222T144356_T19HBA,0.7992926383864573,2023-02-22
0_20230227T143721_20230227T144806_T19HBA,0.7894024768621407,2023-02-27
0_20230304T143729_20230304T145242_T19HBA,0.7642388695399952,2023-03-04
0_20230314T143729_20230314T145019_T19HBA,0.778665845628392,2023-03-14
0_20230319T143731_20230319T145006_T19HBA,0.7729414400741172,2023-03-19
0_20230324T143729_20230324T144337_T19HBA,0.7652202551994131,2023-03-24
0_20230408T143731_20230408T144907_T19HBA,0.7650228014405912,2023-04-08
1_20181215T143749_20181215T144702_T18HYF,0.8747828883529711,2018-12-15
1_20181215T143749_20181215T144702_T19HBA,0.8698827769473876,2018-12-15
1_20181220T143741_20181220T144648_T18HYF,0.8921979967211565,2018-12-20
1_20181225T143749_20181225T144653_T19HBA,0.9197089196214792,2018-12-25
1_20181230T143751_20181230T144650_T18HYF,0.9242792902599071,2018-12-30
1_20181230T143751_20181230T144650_T19HBA,0.920282674622284,2018-12-30
1_20190104T143749_20190104T144651_T18HYF,0.907133407436471,2019-01-04
1_20190104T143749_20190104T144651_T19HBA,0.9037134923185366,2019-01-04
1_20190119T143751_20190119T144606_T19HBA,0.8869782819439825,2019-01-19
1_20190129T143751_20190129T144524_T19HBA,0.8747629929280992,2019-01-29
1_20190203T143749_20190203T144957_T19HBA,0.853395051373408,2019-02-03
1_20190218T143751_20190218T144454_T19HBA,0.7783297431048518,2019-02-18
1_20190223T143749_20190223T144359_T18HYF,0.745615518719024,2019-02-23
1_20190310T143751_20190310T144453_T18HYF,0.37546970222596765,2019-03-10
1_20190310T143751_20190310T144453_T19HBA,0.37167784673099186,2019-03-10
1_20190315T143749_20190315T144907_T18HYF,0.35772916636647745,2019-03-15
1_20190315T143749_20190315T144907_T19HBA,0.3539703385509315,2019-03-15
1_20190320T143751_20190320T144726_T19HBA,0.3405887520309399,2019-03-20
1_20190325T143749_20190325T144125_T18HYF,0.3141336351338208,2019-03-25
1_20190325T143749_20190325T144125_T19HBA,0.31216813592261144,2019-03-25
1_20190404T143759_20190404T144906_T18HYF,0.23990772779700115,2019-04-04
1_20190414T143759_20190414T144503_T18HYF,0.20829086863142135,2019-04-14
1_20190802T143759_20190802T144505_T18HYF,0.5800772863890081,2019-08-02
1_20190807T143751_20190807T144709_T18HYF,0.7909547738693467,2019-08-07
1_20190901T143759_20190901T144153_T18HYF,0.9292083220751148,2019-09-01
1_20190916T143751_20190916T144705_T18HYF,0.941066707401668,2019-09-16
1_20190921T143749_20190921T145027_T18HYF,0.9449800141076887,2019-09-21
1_20190921T143749_20190921T145027_T19HBA,0.9430960708041574,2019-09-21
1_20191021T143749_20191021T144706_T19HBA,0.9142346303102769,2019-10-21
1_20191105T143731_20191105T144501_T18HYF,0.8371800292589836,2019-11-05
1_20191105T143731_20191105T144501_T19HBA,0.8320681679322686,2019-11-05
1_20191110T143729_20191110T144457_T18HYF,0.7540972183635358,2019-11-10
1_20191110T143729_20191110T144457_T19HBA,0.7501519581427405,2019-11-10
1_20191120T143729_20191120T144459_T19HBA,0.4980353634577603,2019-11-20
1_20191130T143719_20191130T144540_T18HYF,0.32929359597858165,2019-11-30
1_20191130T143719_20191130T144540_T19HBA,0.32790536103597834,2019-11-30
1_20191205T143721_20191205T144632_T18HYF,0.28923012272012555,2019-12-05
1_20191205T143721_20191205T144632_T19HBA,0.288391488304495,2019-12-05
1_20191220T143719_20191220T144615_T18HYF,0.2687088018611865,2019-12-20
1_20191220T143719_20191220T144615_T19HBA,0.26917818320978754,2019-12-20
1_20191225T143721_20191225T144651_T18HYF,0.2622629506172413,2019-12-25
1_20191225T143721_20191225T144651_T19HBA,0.2625503901290006,2019-12-25
1_20191230T143719_20191230T144612_T18HYF,0.24282484693091064,2019-12-30
1_20191230T143719_20191230T144612_T19HBA,0.24302046434579588,2019-12-30
1_20200104T143721_20200104T144629_T18HYF,0.26762218529564674,2020-01-04
1_20200104T143721_20200104T144629_T19HBA,0.2669079957336593,2020-01-04
1_20200109T143719_20200109T144550_T18HYF,0.20638069646090365,2020-01-09
1_20200109T143719_20200109T144550_T19HBA,0.20578186596583437,2020-01-09
1_20200114T143701_20200114T144621_T18HYF,0.19769993082832754,2020-01-14
1_20200114T143701_20200114T144621_T19HBA,0.20374956977098305,2020-01-14
1_20200124T143651_20200124T144544_T18HYF,0.21056863516884283,2020-01-24
1_20200124T143651_20200124T144544_T19HBA,0.20490733489950408,2020-01-24
1_20200129T143659_20200129T144449_T18HYF,0.19411123227917124,2020-01-29
1_20200129T143659_20200129T144449_T19HBA,0.18795768917819364,2020-01-29
1_20200203T143651_20200203T144453_T18HYF,0.19133376228360757,2020-02-03
1_20200203T143651_20200203T144453_T19HBA,0.19296724162521683,2020-02-03
1_20200208T143659_20200208T144451_T18HYF,0.20569600498381851,2020-02-08
1_20200208T143659_20200208T144451_T19HBA,0.2037600948105248,2020-02-08
1_20200213T143721_20200213T144451_T18HYF,0.21472037090698348,2020-02-13
1_20200213T143721_20200213T144451_T19HBA,0.21099887766554432,2020-02-13
1_20200218T143659_20200218T144453_T18HYF,0.20784135231458745,2020-02-18
1_20200218T143659_20200218T144453_T19HBA,0.2056543916804137,2020-02-18
1_20200223T143721_20200223T144452_T19HBA,0.19179540415769375,2020-02-23
1_20200228T143729_20200228T144346_T19HBA,0.2060213142119657,2020-02-28
1_20200304T143721_20200304T144453_T18HYF,0.20883140425694882,2020-03-04
1_20200304T143721_20200304T144453_T19HBA,0.20354568524649616,2020-03-04
1_20200309T143729_20200309T144430_T18HYF,0.1973176470805712,2020-03-09
1_20200309T143729_20200309T144430_T19HBA,0.19643459393620671,2020-03-09
1_20200314T143721_20200314T144454_T18HYF,0.21450646844117258,2020-03-14
1_20200319T143729_20200319T145226_T18HYF,0.21259181003325162,2020-03-19
1_20200319T143729_20200319T145226_T19HBA,0.2111318340119315,2020-03-19
1_20200329T143729_20200329T144954_T18HYF,0.21963084568519986,2020-03-29
1_20200408T143729_20200408T145124_T19HBA,0.22402597402597396,2020-04-08
1_20200413T143731_20200413T145116_T18HYF,0.23344558784652172,2020-04-13
1_20200413T143731_20200413T145116_T19HBA,0.23273417368647756,2020-04-13
1_20200428T143719_20200428T144554_T18HYF,0.1847195914012885,2020-04-28
1_20200513T143731_20200513T144427_T18HYF,0.19888896330216857,2020-05-13
1_20200727T143729_20200727T144529_T18HYF,0.24315952503871963,2020-07-27
1_20200806T143729_20200806T144700_T18HYF,0.23171314206212448,2020-08-06
1_20200811T143731_20200811T145224_T18HYF,0.23000331895121137,2020-08-11
1_20200811T143731_20200811T145224_T19HBA,0.22874093605800924,2020-08-11
1_20200821T143731_20200821T144847_T18HYF,0.24133663366336636,2020-08-21
1_20200821T143731_20200821T144847_T19HBA,0.24161911962354315,2020-08-21
1_20200831T143731_20200831T144825_T18HYF,0.270062805303559,2020-08-31
1_20200831T143731_20200831T144825_T19HBA,0.271813070534601,2020-08-31
1_20200920T143731_20200920T145205_T18HYF,0.3394919168591224,2020-09-20
1_20200920T143731_20200920T145205_T19HBA,0.3414898451289161,2020-09-20
1_20201005T143729_20201005T144602_T18HYF,0.3818807339449541,2020-10-05
1_20201005T143729_20201005T144602_T19HBA,0.3805760941009481,2020-10-05
1_20201010T143731_20201010T144131_T18HYF,0.3911114521411925,2020-10-10
1_20201010T143731_20201010T144131_T19HBA,0.39075424994423913,2020-10-10
1_20201015T143729_20201015T144515_T19HBA,0.3883136470201574,2020-10-15
1_20201020T143731_20201020T144304_T18HYF,0.4158226431527441,2020-10-20
1_20201020T143731_20201020T144304_T19HBA,0.41655904903860363,2020-10-20
1_20201030T143731_20201030T144423_T19HBA,0.44968178128689495,2020-10-30
1_20201109T143731_20201109T144520_T18HYF,0.46556988453344755,2020-11-09
1_20201109T143731_20201109T144520_T19HBA,0.46583074391385687,2020-11-09
1_20201114T143729_20201114T144548_T18HYF,0.48749012378193307,2020-11-14
1_20201124T143729_20201124T144632_T18HYF,0.392798690671031,2020-11-24
1_20201124T143729_20201124T144632_T19HBA,0.392049883086516,2020-11-24
1_20201129T143731_20201129T144635_T18HYF,0.3346113186216263,2020-11-29
1_20201129T143731_20201129T144635_T19HBA,0.33201320132013207,2020-11-29
1_20201204T143729_20201204T144651_T18HYF,0.3257348530293941,2020-12-04
1_20201204T143729_20201204T144651_T19HBA,0.32742802910471364,2020-12-04
1_20201209T143721_20201209T144639_T18HYF,0.3380117680973628,2020-12-09
1_20201209T143721_20201209T144639_T19HBA,0.33806360347128495,2020-12-09
1_20201224T143729_20201224T144624_T18HYF,0.3307705293904554,2020-12-24
1_20201224T143729_20201224T144624_T19HBA,0.3314093314093314,2020-12-24
1_20201229T143731_20201229T144704_T18HYF,0.30106522626610566,2020-12-29
1_20201229T143731_20201229T144704_T19HBA,0.30057245927428655,2020-12-29
1_20210103T143729_20210103T144608_T18HYF,0.2779711586275485,2021-01-03
1_20210103T143729_20210103T144608_T19HBA,0.275892728319912,2021-01-03
1_20210113T143729_20210113T144551_T18HYF,0.2681314105373893,2021-01-13
1_20210113T143729_20210113T144551_T19HBA,0.26726037778214373,2021-01-13
1_20210118T143731_20210118T144622_T18HYF,0.25484496124031014,2021-01-18
1_20210118T143731_20210118T144622_T19HBA,0.2521586613005426,2021-01-18
1_20210202T143729_20210202T144435_T19HBA,0.21596621061512766,2021-02-02
1_20210222T143729_20210222T144232_T18HYF,0.15171461587149537,2021-02-22
1_20210222T143729_20210222T144232_T19HBA,0.14958666225044426,2021-02-22
1_20210227T143731_20210227T144205_T18HYF,0.15004786258954372,2021-02-27
1_20210227T143731_20210227T144205_T19HBA,0.1486097089916421,2021-02-27
1_20210304T143729_20210304T144120_T19HBA,0.14438827936183218,2021-03-04
1_20210309T143731_20210309T144030_T19HBA,0.1467478858563873,2021-03-09
1_20210403T143729_20210403T144408_T18HYF,0.18952981095492008,2021-04-03
1_20210702T143729_20210702T144651_T18HYF,0.5404736369743159,2021-07-02
1_20210717T143731_20210717T145239_T18HYF,0.6900337837837837,2021-07-17
1_20210717T143731_20210717T145239_T19HBA,0.6869787037951351,2021-07-17
1_20210727T143731_20210727T144823_T18HYF,0.12740743726160822,2021-07-27
1_20210915T143731_20210915T144832_T18HYF,0.2721468475658419,2021-09-15
1_20210915T143731_20210915T144832_T19HBA,0.2699719452043929,2021-09-15
1_20211015T143731_20211015T144152_T18HYF,0.17864476386036957,2021-10-15
1_20211015T143731_20211015T144152_T19HBA,0.17582111123457494,2021-10-15
1_20211025T143731_20211025T144354_T18HYF,0.16811639681985263,2021-10-25
1_20211025T143731_20211025T144354_T19HBA,0.16740202439657412,2021-10-25
1_20211104T143731_20211104T144458_T18HYF,0.20435684647302899,2021-11-04
1_20211104T143731_20211104T144458_T19HBA,0.20295202952029517,2021-11-04
1_20211114T143731_20211114T144539_T18HYF,0.29454161700502873,2021-11-14
1_20211129T143719_20211129T144547_T18HYF,0.44363441143938603,2021-11-29
1_20211129T143719_20211129T144547_T19HBA,0.4391003868220693,2021-11-29
1_20211204T143731_20211204T144642_T18HYF,0.648006443817962,2021-12-04
1_20211204T143731_20211204T144642_T19HBA,0.6490076667439658,2021-12-04
1_20211209T143719_20211209T144604_T19HBA,0.6821314669424585,2021-12-09
1_20211214T143731_20211214T144703_T18HYF,0.783848547406846,2021-12-14
1_20211214T143731_20211214T144703_T19HBA,0.7829042870218516,2021-12-14
1_20211219T143719_20211219T144622_T18HYF,0.8966695334014798,2021-12-19
1_20211219T143719_20211219T144622_T19HBA,0.8929593474233717,2021-12-19
1_20211224T143731_20211224T144705_T18HYF,0.8914027246961134,2021-12-24
1_20211224T143731_20211224T144705_T19HBA,0.8949449308105055,2021-12-24
1_20220103T143731_20220103T144644_T19HBA,0.9204087120193601,2022-01-03
1_20220113T143731_20220113T144640_T18HYF,0.8616845095037976,2022-01-13
1_20220113T143731_20220113T144640_T19HBA,0.8895761741122565,2022-01-13
1_20220123T143731_20220123T145149_T18HYF,0.8650155688450285,2022-01-23
1_20220123T143731_20220123T145149_T19HBA,0.872330600202915,2022-01-23
1_20220202T143731_20220202T144947_T19HBA,0.8386342816783033,2022-02-02
1_20220207T143719_20220207T144217_T19HBA,0.8336541056008769,2022-02-07
1_20220212T143731_20220212T145242_T18HYF,0.7899699313178655,2022-02-12
1_20220212T143731_20220212T145242_T19HBA,0.7781755944053325,2022-02-12
1_20220217T143719_20220217T144918_T18HYF,0.7765960141249784,2022-02-17
1_20220217T143719_20220217T144918_T19HBA,0.7768890467368856,2022-02-17
1_20220227T143729_20220227T144150_T19HBA,0.6859339378577942,2022-02-27
1_20220304T143731_20220304T145236_T19HBA,0.5087221124239777,2022-03-04
1_20220314T143731_20220314T145009_T19HBA,0.32596942912196897,2022-03-14
1_20220324T143731_20220324T144728_T18HYF,0.342583505611698,2022-03-24
1_20220324T143731_20220324T144728_T19HBA,0.34019049412355445,2022-03-24
1_20220329T143729_20220329T144338_T18HYF,0.33587586636785943,2022-03-29
1_20220329T143729_20220329T144338_T19HBA,0.3347687016869509,2022-03-29
1_20220403T143731_20220403T144101_T18HYF,0.25745257452574527,2022-04-03
1_20220403T143731_20220403T144101_T19HBA,0.25631768953068595,2022-04-03
1_20220413T143731_20220413T144923_T18HYF,0.24202631962115956,2022-04-13
1_20220413T143731_20220413T144923_T19HBA,0.2418772563176895,2022-04-13
1_20220428T143719_20220428T144609_T18HYF,0.1885993666158638,2022-04-28
1_20220503T143731_20220503T145107_T18HYF,0.1661927475934618,2022-05-03
1_20220602T143741_20220602T145059_T18HYF,0.2077294685990338,2022-06-02
1_20220702T143741_20220702T144547_T19HBA,0.2994309854841397,2022-07-02
1_20220727T143729_20220727T145052_T18HYF,0.38004469122426865,2022-07-27
1_20220910T143741_20220910T144450_T18HYF,0.2335424689892407,2022-09-10
1_20220910T143741_20220910T144450_T19HBA,0.23247232472324722,2022-09-10
1_20221010T143731_20221010T144648_T18HYF,0.17536350851904997,2022-10-10
1_20221010T143731_20221010T144648_T19HBA,0.17146017699115046,2022-10-10
1_20221015T143729_20221015T144352_T19HBA,0.16921397379912664,2022-10-15
1_20221030T143731_20221030T145243_T18HYF,0.1828139079838315,2022-10-30
1_20221204T143729_20221204T144506_T18HYF,0.5824915824915825,2022-12-04
1_20221204T143729_20221204T144506_T19HBA,0.583830664191141,2022-12-04
1_20221214T143729_20221214T144527_T18HYF,0.800185669965928,2022-12-14
1_20221214T143729_20221214T144527_T19HBA,0.8127155353913608,2022-12-14
1_20221219T143731_20221219T144224_T19HBA,0.8550123844160045,2022-12-19
1_20221224T143729_20221224T144526_T18HYF,0.8892022543957463,2022-12-24
1_20221224T143729_20221224T144526_T19HBA,0.8925438596491228,2022-12-24
1_20221229T143731_20221229T144221_T18HYF,0.889208363450893,2022-12-29
1_20221229T143731_20221229T144221_T19HBA,0.8919807901227996,2022-12-29
1_20230103T143729_20230103T144503_T18HYF,0.8958235198539112,2023-01-03
1_20230103T143729_20230103T144503_T19HBA,0.8962242496817365,2023-01-03
1_20230108T143731_20230108T144127_T19HBA,0.8976857490864798,2023-01-08
1_20230113T143719_20230113T144449_T18HYF,0.8987810931481672,2023-01-13
1_20230113T143719_20230113T144449_T19HBA,0.901206464830412,2023-01-13
1_20230118T143721_20230118T144030_T19HBA,0.8854946412599934,2023-01-18
1_20230123T143729_20230123T144415_T19HBA,0.8616307331751362,2023-01-23
1_20230128T143721_20230128T145103_T18HYF,0.8760493527446529,2023-01-28
1_20230128T143721_20230128T145103_T19HBA,0.881137729281306,2023-01-28
1_20230202T143729_20230202T144125_T18HYF,0.8338058950595133,2023-02-02
1_20230202T143729_20230202T144125_T19HBA,0.8330856563567169,2023-02-02
1_20230207T143731_20230207T144823_T19HBA,0.6277052668437134,2023-02-07
1_20230212T143729_20230212T144116_T19HBA,0.8090547384957563,2023-02-12
1_20230217T143721_20230217T145142_T18HYF,0.795594873177528,2023-02-17
1_20230217T143721_20230217T145142_T19HBA,0.8040375169013178,2023-02-17
1_20230222T143729_20230222T144356_T18HYF,0.7731214294235382,2023-02-22
1_20230222T143729_20230222T144356_T19HBA,0.7764618468300907,2023-02-22
1_20230227T143721_20230227T144806_T18HYF,0.7273137521882902,2023-02-27
1_20230227T143721_20230227T144806_T19HBA,0.7293596866025625,2023-02-27
1_20230304T143729_20230304T145242_T18HYF,0.6044558224144126,2023-03-04
1_20230304T143729_20230304T145242_T19HBA,0.6087566313228527,2023-03-04
1_20230314T143729_20230314T145019_T18HYF,0.437940133629764,2023-03-14
1_20230314T143729_20230314T145019_T19HBA,0.4379929105857905,2023-03-14
1_20230319T143731_20230319T145006_T18HYF,0.4127970749542962,2023-03-19
1_20230319T143731_20230319T145006_T19HBA,0.4102209944751381,2023-03-19
1_20230324T143729_20230324T144337_T18HYF,0.39204325994592504,2023-03-24
1_20230324T143729_20230324T144337_T19HBA,0.39551192145862557,2023-03-24
1_20230329T143721_20230329T144614_T18HYF,0.40644171779141103,2023-03-29
1_20230408T143731_20230408T144907_T19HBA,0.3952622568477486,2023-04-08
2_20181215T143749_20181215T144702_T18HYF,0.9390603924563771,2018-12-15
2_20181215T143749_20181215T144702_T19HBA,0.9352567420860473,2018-12-15
2_20181220T143741_20181220T144648_T18HYF,0.9385610958425663,2018-12-20
2_20181225T143749_20181225T144653_T19HBA,0.9233018070154367,2018-12-25
2_20181230T143751_20181230T144650_T18HYF,0.9222395001567324,2018-12-30
2_20181230T143751_20181230T144650_T19HBA,0.9193095833178391,2018-12-30
2_20190104T143749_20190104T144651_T18HYF,0.9196031377027184,2019-01-04
2_20190104T143749_20190104T144651_T19HBA,0.915825267353801,2019-01-04
2_20190119T143751_20190119T144606_T19HBA,0.8859785217013778,2019-01-19
2_20190129T143751_20190129T144524_T19HBA,0.8744142739889089,2019-01-29
2_20190203T143749_20190203T144957_T19HBA,0.8486334505610501,2019-02-03
2_20190218T143751_20190218T144454_T19HBA,0.7649183286355772,2019-02-18
2_20190223T143749_20190223T144359_T18HYF,0.7141799359782476,2019-02-23
2_20190310T143751_20190310T144453_T18HYF,0.3257497647828331,2019-03-10
2_20190310T143751_20190310T144453_T19HBA,0.3255580435422575,2019-03-10
2_20190315T143749_20190315T144907_T18HYF,0.3098085254192447,2019-03-15
2_20190315T143749_20190315T144907_T19HBA,0.30925252714105267,2019-03-15
2_20190320T143751_20190320T144726_T19HBA,0.30788520400943753,2019-03-20
2_20190325T143749_20190325T144125_T18HYF,0.2833200009241434,2019-03-25
2_20190325T143749_20190325T144125_T19HBA,0.2829105383465546,2019-03-25
2_20190404T143759_20190404T144906_T18HYF,0.33214796022049997,2019-04-04
2_20190414T143759_20190414T144503_T18HYF,0.2262554453395586,2019-04-14
2_20190802T143759_20190802T144505_T18HYF,0.3622410080039153,2019-08-02
2_20190807T143751_20190807T144709_T18HYF,0.3442024044971158,2019-08-07
2_20190901T143759_20190901T144153_T18HYF,0.1673830990516281,2019-09-01
2_20190916T143751_20190916T144705_T18HYF,0.18084582498825935,2019-09-16
2_20190921T143749_20190921T145027_T18HYF,0.15881841005370184,2019-09-21
2_20190921T143749_20190921T145027_T19HBA,0.15762326839212001,2019-09-21
2_20191021T143749_20191021T144706_T19HBA,0.18827508455467867,2019-10-21
2_20191105T143731_20191105T144501_T18HYF,0.3638992420396432,2019-11-05
2_20191105T143731_20191105T144501_T19HBA,0.36160722458128264,2019-11-05
2_20191110T143729_20191110T144457_T18HYF,0.474314239323844,2019-11-10
2_20191110T143729_20191110T144457_T19HBA,0.4722853902968076,2019-11-10
2_20191120T143729_20191120T144459_T19HBA,0.8019300132735617,2019-11-20
2_20191130T143719_20191130T144540_T18HYF,0.9071398401668374,2019-11-30
2_20191130T143719_20191130T144540_T19HBA,0.9040683073832245,2019-11-30
2_20191205T143721_20191205T144632_T18HYF,0.9108245653961055,2019-12-05
2_20191205T143721_20191205T144632_T19HBA,0.9099850182193553,2019-12-05
2_20191220T143719_20191220T144615_T18HYF,0.9109659823207674,2019-12-20
2_20191220T143719_20191220T144615_T19HBA,0.9097018059638806,2019-12-20
2_20191225T143721_20191225T144651_T18HYF,0.9085476077680289,2019-12-25
2_20191225T143721_20191225T144651_T19HBA,0.907451923076923,2019-12-25
2_20191230T143719_20191230T144612_T18HYF,0.9016101923293519,2019-12-30
2_20191230T143719_20191230T144612_T19HBA,0.9006388838969976,2019-12-30
2_20200104T143721_20200104T144629_T18HYF,0.8889320161209234,2020-01-04
2_20200104T143721_20200104T144629_T19HBA,0.8850176057734807,2020-01-04
2_20200109T143719_20200109T144550_T18HYF,0.9021014794086697,2020-01-09
2_20200109T143719_20200109T144550_T19HBA,0.905451467644323,2020-01-09
2_20200114T143701_20200114T144621_T18HYF,0.8899259520582864,2020-01-14
2_20200114T143701_20200114T144621_T19HBA,0.8708218000382744,2020-01-14
2_20200124T143651_20200124T144544_T18HYF,0.85600378665452,2020-01-24
2_20200124T143651_20200124T144544_T19HBA,0.8747127240435577,2020-01-24
2_20200129T143659_20200129T144449_T18HYF,0.8253253675885335,2020-01-29
2_20200129T143659_20200129T144449_T19HBA,0.8390032695267347,2020-01-29
2_20200203T143651_20200203T144453_T18HYF,0.8133163650781647,2020-02-03
2_20200203T143651_20200203T144453_T19HBA,0.8055804188096647,2020-02-03
2_20200208T143659_20200208T144451_T18HYF,0.7740991225584679,2020-02-08
2_20200208T143659_20200208T144451_T19HBA,0.7761451225897508,2020-02-08
2_20200213T143721_20200213T144451_T18HYF,0.6710495367847216,2020-02-13
2_20200213T143721_20200213T144451_T19HBA,0.6727973983015987,2020-02-13
2_20200218T143659_20200218T144453_T18HYF,0.4917920843361581,2020-02-18
2_20200218T143659_20200218T144453_T19HBA,0.48602344454463486,2020-02-18
2_20200223T143721_20200223T144452_T19HBA,0.36471555168684916,2020-02-23
2_20200228T143729_20200228T144346_T19HBA,0.30777511840179544,2020-02-28
2_20200304T143721_20200304T144453_T18HYF,0.3014450867883119,2020-03-04
2_20200304T143721_20200304T144453_T19HBA,0.2995813756453542,2020-03-04
2_20200309T143729_20200309T144430_T18HYF,0.2862709047424384,2020-03-09
2_20200309T143729_20200309T144430_T19HBA,0.2859745699755205,2020-03-09
2_20200314T143721_20200314T144454_T18HYF,0.3038812036005004,2020-03-14
2_20200319T143729_20200319T145226_T18HYF,0.30139144665393863,2020-03-19
2_20200319T143729_20200319T145226_T19HBA,0.300929631006865,2020-03-19
2_20200329T143729_20200329T144954_T18HYF,0.2087756757553135,2020-03-29
2_20200408T143729_20200408T145124_T19HBA,0.2117374200832138,2020-04-08
2_20200413T143731_20200413T145116_T18HYF,0.22720791610746113,2020-04-13
2_20200413T143731_20200413T145116_T19HBA,0.22729428703529816,2020-04-13
2_20200428T143719_20200428T144554_T18HYF,0.1520973780177827,2020-04-28
2_20200513T143731_20200513T144427_T18HYF,0.1691908264820424,2020-05-13
2_20200727T143729_20200727T144529_T18HYF,0.15595987270304265,2020-07-27
2_20200806T143729_20200806T144700_T18HYF,0.17157329314670522,2020-08-06
2_20200811T143731_20200811T145224_T18HYF,0.1412738251772613,2020-08-11
2_20200811T143731_20200811T145224_T19HBA,0.14235242840900847,2020-08-11
2_20200821T143731_20200821T144847_T18HYF,0.1320439840768884,2020-08-21
2_20200821T143731_20200821T144847_T19HBA,0.1324863688205888,2020-08-21
2_20200831T143731_20200831T144825_T18HYF,0.18117831930882441,2020-08-31
2_20200831T143731_20200831T144825_T19HBA,0.1813782654341854,2020-08-31
2_20200920T143731_20200920T145205_T18HYF,0.15827261742962162,2020-09-20
2_20200920T143731_20200920T145205_T19HBA,0.158074208320632,2020-09-20
2_20201005T143729_20201005T144602_T18HYF,0.14555942902130034,2020-10-05
2_20201005T143729_20201005T144602_T19HBA,0.14509194380646478,2020-10-05
2_20201010T143731_20201010T144131_T18HYF,0.14705803282326688,2020-10-10
2_20201010T143731_20201010T144131_T19HBA,0.14711784174626608,2020-10-10
2_20201015T143729_20201015T144515_T19HBA,0.14685180486082616,2020-10-15
2_20201020T143731_20201020T144304_T18HYF,0.17097243938554513,2020-10-20
2_20201020T143731_20201020T144304_T19HBA,0.17046300368649986,2020-10-20
2_20201030T143731_20201030T144423_T19HBA,0.24939085679423223,2020-10-30
2_20201109T143731_20201109T144520_T18HYF,0.41562440902837405,2020-11-09
2_20201109T143731_20201109T144520_T19HBA,0.41346443079752065,2020-11-09
2_20201114T143729_20201114T144548_T18HYF,0.6392627269239122,2020-11-14
2_20201124T143729_20201124T144632_T18HYF,0.8705918164936143,2020-11-24
2_20201124T143729_20201124T144632_T19HBA,0.869559469561666,2020-11-24
2_20201129T143731_20201129T144635_T18HYF,0.8923227023272917,2020-11-29
2_20201129T143731_20201129T144635_T19HBA,0.8903162055335968,2020-11-29
2_20201204T143729_20201204T144651_T18HYF,0.9151166896220136,2020-12-04
2_20201204T143729_20201204T144651_T19HBA,0.9114980617211382,2020-12-04
2_20201209T143721_20201209T144639_T18HYF,0.9225152391199342,2020-12-09
2_20201209T143721_20201209T144639_T19HBA,0.9213132202044144,2020-12-09
2_20201224T143729_20201224T144624_T18HYF,0.9161670037097551,2020-12-24
2_20201224T143729_20201224T144624_T19HBA,0.9144660580586438,2020-12-24
2_20201229T143731_20201229T144704_T18HYF,0.9082706169664886,2020-12-29
2_20201229T143731_20201229T144704_T19HBA,0.9090572364968093,2020-12-29
2_20210103T143729_20210103T144608_T18HYF,0.9060518826542779,2021-01-03
2_20210103T143729_20210103T144608_T19HBA,0.9103334377799327,2021-01-03
2_20210113T143729_20210113T144551_T18HYF,0.8937786577102295,2021-01-13
2_20210113T143729_20210113T144551_T19HBA,0.8928198805352231,2021-01-13
2_20210118T143731_20210118T144622_T18HYF,0.8780555773783143,2021-01-18
2_20210118T143731_20210118T144622_T19HBA,0.8806309720591948,2021-01-18
2_20210202T143729_20210202T144435_T19HBA,0.856030506159383,2021-02-02
2_20210222T143729_20210222T144232_T18HYF,0.5993589743589743,2021-02-22
2_20210222T143729_20210222T144232_T19HBA,0.6008925588374676,2021-02-22
2_20210227T143731_20210227T144205_T18HYF,0.5091255788613457,2021-02-27
2_20210227T143731_20210227T144205_T19HBA,0.5087617351297975,2021-02-27
2_20210304T143729_20210304T144120_T19HBA,0.4074774921853774,2021-03-04
2_20210309T143731_20210309T144030_T19HBA,0.36257843321600713,2021-03-09
2_20210403T143729_20210403T144408_T18HYF,0.39380906402616717,2021-04-03
2_20210702T143729_20210702T144651_T18HYF,0.1892577486071237,2021-07-02
2_20210717T143731_20210717T145239_T18HYF,0.19058478031605594,2021-07-17
2_20210717T143731_20210717T145239_T19HBA,0.19032214810769615,2021-07-17
2_20210727T143731_20210727T144823_T18HYF,0.1584045873608066,2021-07-27
2_20210915T143731_20210915T144832_T18HYF,0.16525074980355106,2021-09-15
2_20210915T143731_20210915T144832_T19HBA,0.16463213460903994,2021-09-15
2_20211015T143731_20211015T144152_T18HYF,0.16958612348071508,2021-10-15
2_20211015T143731_20211015T144152_T19HBA,0.1662022281144417,2021-10-15
2_20211025T143731_20211025T144354_T18HYF,0.1852234083271409,2021-10-25
2_20211025T143731_20211025T144354_T19HBA,0.18490828715295984,2021-10-25
2_20211104T143731_20211104T144458_T18HYF,0.33730765673032037,2021-11-04
2_20211104T143731_20211104T144458_T19HBA,0.3391488236849062,2021-11-04
2_20211114T143731_20211114T144539_T18HYF,0.5522388059701492,2021-11-14
2_20211129T143719_20211129T144547_T18HYF,0.867569232810886,2021-11-29
2_20211129T143719_20211129T144547_T19HBA,0.8608605521410141,2021-11-29
2_20211204T143731_20211204T144642_T18HYF,0.9084210526315788,2021-12-04
2_20211204T143731_20211204T144642_T19HBA,0.9136391065599572,2021-12-04
2_20211209T143719_20211209T144604_T19HBA,0.8949338887626099,2021-12-09
2_20211214T143731_20211214T144703_T18HYF,0.9245644221874679,2021-12-14
2_20211214T143731_20211214T144703_T19HBA,0.9258526940187839,2021-12-14
2_20211219T143719_20211219T144622_T18HYF,0.9259250471810306,2021-12-19
2_20211219T143719_20211219T144622_T19HBA,0.9221452269235771,2021-12-19
2_20211224T143731_20211224T144705_T18HYF,0.9033823430833913,2021-12-24
2_20211224T143731_20211224T144705_T19HBA,0.9053925698100119,2021-12-24
2_20220103T143731_20220103T144644_T19HBA,0.9070305823140227,2022-01-03
2_20220113T143731_20220113T144640_T18HYF,0.866986259084381,2022-01-13
2_20220113T143731_20220113T144640_T19HBA,0.8957534285273584,2022-01-13
2_20220123T143731_20220123T145149_T18HYF,0.8708193127443478,2022-01-23
2_20220123T143731_20220123T145149_T19HBA,0.8777540574636652,2022-01-23
2_20220202T143731_20220202T144947_T19HBA,0.8285583415566754,2022-02-02
2_20220207T143719_20220207T144217_T19HBA,0.8111398819438687,2022-02-07
2_20220212T143731_20220212T145242_T18HYF,0.760469111863165,2022-02-12
2_20220212T143731_20220212T145242_T19HBA,0.7494602256026031,2022-02-12
2_20220217T143719_20220217T144918_T18HYF,0.696509075521607,2022-02-17
2_20220217T143719_20220217T144918_T19HBA,0.696360504779939,2022-02-17
2_20220227T143729_20220227T144150_T19HBA,0.4991614603277218,2022-02-27
2_20220304T143731_20220304T145236_T19HBA,0.3941284405101477,2022-03-04
2_20220314T143731_20220314T145009_T19HBA,0.34655715900162676,2022-03-14
2_20220324T143731_20220324T144728_T18HYF,0.35976658860970007,2022-03-24
2_20220324T143731_20220324T144728_T19HBA,0.3569575106523202,2022-03-24
2_20220329T143729_20220329T144338_T18HYF,0.36169325319313084,2022-03-29
2_20220329T143729_20220329T144338_T19HBA,0.3597803206197142,2022-03-29
2_20220403T143731_20220403T144101_T18HYF,0.37272092808309987,2022-04-03
2_20220403T143731_20220403T144101_T19HBA,0.3727153294044814,2022-04-03
2_20220413T143731_20220413T144923_T18HYF,0.3695820128979308,2022-04-13
2_20220413T143731_20220413T144923_T19HBA,0.3677371524238785,2022-04-13
2_20220428T143719_20220428T144609_T18HYF,0.1955467474052597,2022-04-28
2_20220503T143731_20220503T145107_T18HYF,0.21032875012333688,2022-05-03
2_20220602T143741_20220602T145059_T18HYF,0.18373321827984412,2022-06-02
2_20220702T143741_20220702T144547_T19HBA,0.18045660665998292,2022-07-02
2_20220727T143729_20220727T145052_T18HYF,0.20515896456557575,2022-07-27
2_20220910T143741_20220910T144450_T18HYF,0.1817268491494478,2022-09-10
2_20220910T143741_20220910T144450_T19HBA,0.18152456042232704,2022-09-10
2_20221010T143731_20221010T144648_T18HYF,0.17396456581919584,2022-10-10
2_20221010T143731_20221010T144648_T19HBA,0.16596105548965512,2022-10-10
2_20221015T143729_20221015T144352_T19HBA,0.15443851978186324,2022-10-15
2_20221030T143731_20221030T145243_T18HYF,0.1854936481544679,2022-10-30
2_20221204T143729_20221204T144506_T18HYF,0.8849328914304422,2022-12-04
2_20221204T143729_20221204T144506_T19HBA,0.8844863330540427,2022-12-04
2_20221214T143729_20221214T144527_T18HYF,0.9164680828599779,2022-12-14
2_20221214T143729_20221214T144527_T19HBA,0.9242867691200317,2022-12-14
2_20221219T143731_20221219T144224_T19HBA,0.9354515729668571,2022-12-19
2_20221224T143729_20221224T144526_T18HYF,0.9160575928700081,2022-12-24
2_20221224T143729_20221224T144526_T19HBA,0.9199921223296866,2022-12-24
2_20221229T143731_20221229T144221_T18HYF,0.8966491344690918,2022-12-29
2_20221229T143731_20221229T144221_T19HBA,0.9004087819704611,2022-12-29
2_20230103T143729_20230103T144503_T18HYF,0.9001600764088551,2023-01-03
2_20230103T143729_20230103T144503_T19HBA,0.9001219579676676,2023-01-03
2_20230108T143731_20230108T144127_T19HBA,0.9005355485116542,2023-01-08
2_20230113T143719_20230113T144449_T18HYF,0.8927788607358687,2023-01-13
2_20230113T143719_20230113T144449_T19HBA,0.8933696105504846,2023-01-13
2_20230118T143721_20230118T144030_T19HBA,0.8770638296457194,2023-01-18
2_20230123T143729_20230123T144415_T19HBA,0.8220191177079407,2023-01-23
2_20230128T143721_20230128T145103_T18HYF,0.869492506830467,2023-01-28
2_20230128T143721_20230128T145103_T19HBA,0.8731672351242391,2023-01-28
2_20230202T143729_20230202T144125_T18HYF,0.8417955737185252,2023-02-02
2_20230202T143729_20230202T144125_T19HBA,0.838182786750002,2023-02-02
2_20230207T143731_20230207T144823_T19HBA,0.6612968517646766,2023-02-07
2_20230212T143729_20230212T144116_T19HBA,0.7796263000092631,2023-02-12
2_20230217T143721_20230217T145142_T18HYF,0.7206542893900718,2023-02-17
2_20230217T143721_20230217T145142_T19HBA,0.724968909195621,2023-02-17
2_20230222T143729_20230222T144356_T18HYF,0.6117332674513003,2023-02-22
2_20230222T143729_20230222T144356_T19HBA,0.6149399118787607,2023-02-22
2_20230227T143721_20230227T144806_T18HYF,0.4618248438748602,2023-02-27
2_20230227T143721_20230227T144806_T19HBA,0.46208282351624774,2023-02-27
2_20230304T143729_20230304T145242_T18HYF,0.3332996455382994,2023-03-04
2_20230304T143729_20230304T145242_T19HBA,0.3289348891996397,2023-03-04
2_20230314T143729_20230314T145019_T18HYF,0.3216066381114796,2023-03-14
2_20230314T143729_20230314T145019_T19HBA,0.3194147594442628,2023-03-14
2_20230319T143731_20230319T145006_T18HYF,0.33264596488170123,2023-03-19
2_20230319T143731_20230319T145006_T19HBA,0.3306546044029226,2023-03-19
2_20230324T143729_20230324T144337_T18HYF,0.32062571331915185,2023-03-24
2_20230324T143729_20230324T144337_T19HBA,0.3217521194334,2023-03-24
2_20230329T143721_20230329T144614_T18HYF,0.34340237367020676,2023-03-29
2_20230408T143731_20230408T144907_T19HBA,0.34224182129840836,2023-04-08
